Timestamp,Location,User
2025-02-22 16:16:26,Front Door,Jessica
2025-02-22 16:59:26,Front Door,Sarah
2025-02-22 17:25:26,Front Door,George
2025-02-22 16:10:26,Front Door,Daniel
2025-02-22 16:26:26,Front Door,Jessica
2025-02-22 17:09:26,Front Door,Kees
2025-02-22 15:16:26,Front Door,Robert
2025-02-22 17:11:26,Front Door,Linda
2025-02-22 15:29:26,Front Door,Kevin
2025-02-22 17:09:26,Front Door,Lisa
2025-02-22 15:49:26,Front Door,Marcus
2025-02-22 14:48:26,Front Door,Amanda
2025-02-22 17:54:26,Front Door,Joseph
2025-02-22 16:33:26,Front Door,George
2025-02-22 14:23:26,Front Door,David
2025-02-22 16:14:26,Front Door,Stephen
2025-02-22 14:11:26,Front Door,Patricia
2025-02-22 17:14:26,Front Door,Kees
2025-02-22 15:50:26,Front Door,Linda
2025-02-22 16:05:26,Front Door,Amanda
2025-02-22 17:19:26,Front Door,Sophie
2025-02-22 15:54:26,Front Door,Richard
2025-02-22 17:45:26,Front Door,Sophie
2025-02-22 17:38:26,Front Door,Sophie
2025-02-22 17:58:26,Front Door,Sophie
2025-02-22 17:49:26,Front Door,Patricia
2025-02-22 17:45:26,Front Door,Amanda
2025-02-22 16:36:26,Front Door,Maria
2025-02-22 17:31:26,Front Door,Peter
2025-02-22 14:11:26,Front Door,Jessica
2025-02-22 15:48:26,Front Door,David
2025-02-22 15:57:26,Front Door,Robert
2025-02-22 14:14:26,Front Door,Joseph
2025-02-22 14:33:26,Front Door,Sandra
2025-02-22 17:54:26,Front Door,Jessica
2025-02-22 15:31:26,Front Door,Jessica
2025-02-22 16:20:26,Front Door,Christopher
2025-02-22 16:11:26,Front Door,Margaret
2025-02-22 16:23:26,Front Door,Olivia
2025-02-22 17:40:26,Front Door,Helen
2025-02-22 17:43:26,Front Door,Joseph
2025-02-22 14:37:26,Front Door,Emma
2025-02-22 14:12:26,Front Door,Sarah
2025-02-22 14:10:26,Front Door,Katherine
2025-02-22 16:28:26,Front Door,Sandra
2025-02-22 14:30:26,Front Door,Daniel
2025-02-22 14:48:26,Front Door,Linda
2025-02-22 17:04:26,Front Door,Katherine
2025-02-22 16:06:26,Front Door,Kenneth
2025-02-22 16:21:26,Front Door,Maria
2025-02-22 17:53:26,Front Door,Timothy
2025-02-22 15:06:26,Front Door,Kees
2025-02-22 17:35:26,Front Door,Patricia
2025-02-22 16:08:26,Front Door,Sophie
2025-02-22 14:50:26,Front Door,Daniel
2025-02-22 15:23:26,Front Door,Alexander
2025-02-22 14:24:26,Front Door,Katherine
2025-02-22 15:35:26,Front Door,Stephen
2025-02-22 17:00:26,Front Door,Patricia
2025-02-22 15:31:26,Front Door,Robert
2025-02-22 17:45:26,Front Door,Katherine
2025-02-22 15:31:26,Front Door,Kees
2025-02-22 16:22:26,Front Door,Patricia
2025-02-22 14:32:26,Front Door,Maria
2025-02-22 16:01:26,Front Door,Kevin
2025-02-22 15:35:26,Front Door,Joseph
2025-02-22 17:38:26,Front Door,Amanda
2025-02-22 16:35:26,Front Door,Sophie
2025-02-22 15:32:26,Front Door,Andrew
2025-02-22 17:11:26,Front Door,Alexander
2025-02-22 14:50:26,Front Door,Michelle
2025-02-22 14:09:26,Front Door,Katherine
2025-02-22 14:50:26,Front Door,Michael
2025-02-22 15:06:26,Front Door,Linda
2025-02-22 15:35:26,Front Door,Stephen
2025-02-22 15:39:26,Front Door,Kenneth
2025-02-22 17:09:26,Front Door,Amanda
2025-02-22 16:32:26,Front Door,David
2025-02-22 16:36:26,Front Door,Jennifer
2025-02-22 16:31:26,Front Door,Robert
2025-02-22 17:18:26,Front Door,Sophie
2025-02-22 14:22:26,Front Door,Joseph
2025-02-22 14:35:26,Front Door,Joseph
2025-02-22 16:15:26,Front Door,Sandra
2025-02-22 15:54:26,Front Door,Timothy
2025-02-22 17:15:26,Front Door,Amanda
2025-02-22 17:53:26,Front Door,Sarah
2025-02-22 16:15:26,Front Door,Kevin
2025-02-22 14:18:26,Front Door,Peter
2025-02-22 15:13:26,Front Door,Margaret
2025-02-22 17:12:26,Front Door,Jennifer
2025-02-22 14:37:26,Front Door,Emma
2025-02-22 14:41:26,Front Door,Kevin
2025-02-22 14:15:26,Front Door,Michael
2025-02-22 17:30:26,Front Door,Jessica
2025-02-22 14:32:26,Front Door,Amanda
2025-02-22 17:22:26,Front Door,Laura
2025-02-22 14:49:26,Front Door,David
2025-02-22 17:15:26,Front Door,Timothy
2025-02-22 14:27:26,Front Door,Kees
2025-02-22 17:38:26,Office Floor 1,Richard
2025-02-22 16:47:26,Office Floor 1,Sandra
2025-02-22 16:29:26,Office Floor 1,Jennifer
2025-02-22 14:27:26,Office Floor 1,Emma
2025-02-22 15:09:26,Office Floor 1,Maria
2025-02-22 17:00:26,Office Floor 1,Michael
2025-02-22 15:37:26,Office Floor 1,Michael
2025-02-22 15:56:26,Office Floor 1,Christopher
2025-02-22 15:03:26,Office Floor 1,Patricia
2025-02-22 16:13:26,Office Floor 1,Joseph
2025-02-22 15:40:26,Office Floor 1,Peter
2025-02-22 17:15:26,Office Floor 1,Kees
2025-02-22 14:23:26,Office Floor 1,Emma
2025-02-22 14:49:26,Office Floor 1,Maria
2025-02-22 17:11:26,Office Floor 1,Sarah
2025-02-22 17:53:26,Office Floor 1,Margaret
2025-02-22 16:28:26,Office Floor 1,Lisa
2025-02-22 17:26:26,Office Floor 1,David
2025-02-22 17:20:26,Office Floor 1,Andrew
2025-02-22 17:23:26,Office Floor 1,Michelle
2025-02-22 15:19:26,Office Floor 1,William
2025-02-22 16:15:26,Office Floor 1,Elizabeth
2025-02-22 15:53:26,Office Floor 1,Rachel
2025-02-22 14:23:26,Office Floor 1,Kees
2025-02-22 15:28:26,Office Floor 1,Amanda
2025-02-22 16:58:26,Office Floor 1,Katherine
2025-02-22 15:54:26,Office Floor 1,Stephen
2025-02-22 16:18:26,Office Floor 1,Christopher
2025-02-22 17:01:26,Office Floor 1,Linda
2025-02-22 17:58:26,Office Floor 1,Laura
2025-02-22 14:46:26,Office Floor 1,Richard
2025-02-22 17:36:26,Office Floor 1,Robert
2025-02-22 16:50:26,Office Floor 1,Laura
2025-02-22 15:10:26,Office Floor 1,Olivia
2025-02-22 17:00:26,Office Floor 1,Laura
2025-02-22 15:34:26,Office Floor 1,Maria
2025-02-22 17:00:26,Office Floor 1,Sarah
2025-02-22 17:02:26,Office Floor 1,Andrew
2025-02-22 14:52:26,Office Floor 1,Helen
2025-02-22 16:26:26,Office Floor 1,Kenneth
2025-02-22 16:33:26,Office Floor 1,Linda
2025-02-22 16:12:26,Office Floor 1,Emma
2025-02-22 17:31:26,Office Floor 1,Katherine
2025-02-22 15:50:26,Office Floor 1,Margaret
2025-02-22 14:26:26,Office Floor 1,Kevin
2025-02-22 14:28:26,Office Floor 1,Lisa
2025-02-22 17:06:26,Office Floor 1,Sophie
2025-02-22 14:29:26,Office Floor 1,Lisa
2025-02-22 17:52:26,Office Floor 1,Laura
2025-02-22 15:03:26,Office Floor 1,Thomas
2025-02-22 15:06:26,Office Floor 1,Joseph
2025-02-22 15:39:26,Office Floor 1,Jennifer
2025-02-22 15:25:26,Office Floor 1,George
2025-02-22 17:46:26,Office Floor 1,David
2025-02-22 14:31:26,Office Floor 1,Daniel
2025-02-22 18:00:26,Office Floor 1,Christopher
2025-02-22 15:08:26,Office Floor 1,Sophie
2025-02-22 14:55:26,Office Floor 1,Jennifer
2025-02-22 16:40:26,Office Floor 1,William
2025-02-22 16:52:26,Office Floor 1,Margaret
2025-02-22 16:03:26,Office Floor 1,Richard
2025-02-22 17:39:26,Office Floor 1,Daniel
2025-02-22 15:54:26,Office Floor 1,Laura
2025-02-22 14:34:26,Office Floor 1,James
2025-02-22 14:54:26,Office Floor 1,Christopher
2025-02-22 15:41:26,Office Floor 1,Amanda
2025-02-22 15:18:26,Office Floor 1,Michael
2025-02-22 16:22:26,Office Floor 1,Daniel
2025-02-22 14:19:26,Office Floor 1,David
2025-02-22 17:51:26,Office Floor 1,David
2025-02-22 17:25:26,Office Floor 1,Amanda
2025-02-22 16:14:26,Office Floor 1,William
2025-02-22 15:00:26,Office Floor 1,Margaret
2025-02-22 16:37:26,Office Floor 1,Margaret
2025-02-22 14:10:26,Office Floor 1,William
2025-02-22 17:09:26,Office Floor 1,Michael
2025-02-22 17:37:26,Office Floor 1,Linda
2025-02-22 15:32:26,Office Floor 1,Timothy
2025-02-22 14:46:26,Office Floor 1,James
2025-02-22 17:06:26,Office Floor 1,Robert
2025-02-22 17:43:26,Office Floor 1,Christopher
2025-02-22 17:12:26,Office Floor 1,Michael
2025-02-22 15:54:26,Office Floor 1,Sophie
2025-02-22 17:19:26,Office Floor 1,Sandra
2025-02-22 17:44:26,Office Floor 1,Alexander
2025-02-22 14:49:26,Office Floor 1,Peter
2025-02-22 18:03:26,Office Floor 1,Sarah
2025-02-22 15:27:26,Office Floor 1,Patricia
2025-02-22 15:23:26,Office Floor 1,George
2025-02-22 15:53:26,Office Floor 1,Sarah
2025-02-22 17:15:26,Office Floor 1,Michael
2025-02-22 14:59:26,Office Floor 1,David
2025-02-22 17:41:26,Office Floor 1,Laura
2025-02-22 15:39:26,Office Floor 1,Kenneth
2025-02-22 15:15:26,Office Floor 1,Jessica
2025-02-22 15:53:26,Office Floor 1,Timothy
2025-02-22 14:49:26,Office Floor 1,Maria
2025-02-22 16:14:26,Office Floor 1,Richard
2025-02-22 17:34:26,Office Floor 1,Sarah
2025-02-22 15:33:26,Office Floor 1,Richard
2025-02-22 16:25:26,Office Floor 2,Katherine
2025-02-22 14:21:26,Office Floor 2,Amanda
2025-02-22 15:31:26,Office Floor 2,Michael
2025-02-22 17:42:26,Office Floor 2,Sarah
2025-02-22 15:11:26,Office Floor 2,Alexander
2025-02-22 15:51:26,Office Floor 2,Kevin
2025-02-22 18:00:26,Office Floor 2,Elizabeth
2025-02-22 15:16:26,Office Floor 2,Daniel
2025-02-22 15:22:26,Office Floor 2,Emma
2025-02-22 16:02:26,Office Floor 2,Lisa
2025-02-22 14:44:26,Office Floor 2,Andrew
2025-02-22 16:42:26,Office Floor 2,Kevin
2025-02-22 17:47:26,Office Floor 2,Jessica
2025-02-22 17:50:26,Office Floor 2,Emma
2025-02-22 17:54:26,Office Floor 2,Peter
2025-02-22 14:31:26,Office Floor 2,Jennifer
2025-02-22 16:36:26,Office Floor 2,Sophie
2025-02-22 16:39:26,Office Floor 2,Kenneth
2025-02-22 16:17:26,Office Floor 2,Michael
2025-02-22 16:15:26,Office Floor 2,Sandra
2025-02-22 14:54:26,Office Floor 2,Sandra
2025-02-22 15:17:26,Office Floor 2,William
2025-02-22 14:45:26,Office Floor 2,Marcus
2025-02-22 17:47:26,Office Floor 2,Kevin
2025-02-22 15:38:26,Office Floor 2,William
2025-02-22 14:27:26,Office Floor 2,Emma
2025-02-22 14:40:26,Office Floor 2,Alexander
2025-02-22 18:05:26,Office Floor 2,Olivia
2025-02-22 14:54:26,Office Floor 2,Emma
2025-02-22 15:14:26,Office Floor 2,Michelle
2025-02-22 18:08:26,Office Floor 2,Katherine
2025-02-22 15:33:26,Office Floor 2,Michael
2025-02-22 17:22:26,Office Floor 2,Rachel
2025-02-22 16:37:26,Office Floor 2,Richard
2025-02-22 17:04:26,Office Floor 2,Jennifer
2025-02-22 14:32:26,Office Floor 2,Sandra
2025-02-22 15:42:26,Office Floor 2,Kenneth
2025-02-22 15:25:26,Office Floor 2,Kenneth
2025-02-22 16:00:26,Office Floor 2,Jessica
2025-02-22 15:09:26,Office Floor 2,Kenneth
2025-02-22 14:44:26,Office Floor 2,Emma
2025-02-22 15:10:26,Office Floor 2,George
2025-02-22 17:18:26,Office Floor 2,Daniel
2025-02-22 17:52:26,Office Floor 2,Daniel
2025-02-22 15:16:26,Office Floor 2,Kenneth
2025-02-22 14:18:26,Office Floor 2,Alexander
2025-02-22 16:44:26,Office Floor 2,Daniel
2025-02-22 15:35:26,Office Floor 2,Kees
2025-02-22 16:23:26,Office Floor 2,Helen
2025-02-22 18:02:26,Office Floor 2,Andrew
2025-02-22 16:28:26,Office Floor 2,David
2025-02-22 16:00:26,Office Floor 2,Thomas
2025-02-22 14:18:26,Office Floor 2,Michael
2025-02-22 15:30:26,Office Floor 2,Lisa
2025-02-22 16:37:26,Office Floor 2,Daniel
2025-02-22 15:28:26,Office Floor 2,Sarah
2025-02-22 15:37:26,Office Floor 2,Maria
2025-02-22 16:23:26,Office Floor 2,Michael
2025-02-22 17:18:26,Office Floor 2,Daniel
2025-02-22 15:33:26,Office Floor 2,Linda
2025-02-22 14:14:26,Office Floor 2,David
2025-02-22 16:56:26,Office Floor 2,Thomas
2025-02-22 16:55:26,Office Floor 2,Lisa
2025-02-22 17:10:26,Office Floor 2,Maria
2025-02-22 15:46:26,Office Floor 2,William
2025-02-22 16:33:26,Office Floor 2,Alexander
2025-02-22 15:02:26,Office Floor 2,William
2025-02-22 15:11:26,Office Floor 2,Michael
2025-02-22 16:07:26,Office Floor 2,Lisa
2025-02-22 16:35:26,Office Floor 2,Rachel
2025-02-22 17:11:26,Office Floor 2,Alexander
2025-02-22 14:10:26,Office Floor 2,James
2025-02-22 16:25:26,Office Floor 2,Katherine
2025-02-22 14:49:26,Office Floor 2,Kenneth
2025-02-22 15:10:26,Office Floor 2,Helen
2025-02-22 16:59:26,Office Floor 2,Kenneth
2025-02-22 14:57:26,Office Floor 2,Andrew
2025-02-22 15:59:26,Office Floor 2,Stephen
2025-02-22 16:42:26,Office Floor 2,Laura
2025-02-22 15:26:26,Office Floor 2,Linda
2025-02-22 16:23:26,Office Floor 2,Patricia
2025-02-22 16:51:26,Office Floor 2,Nancy
2025-02-22 16:49:26,Office Floor 2,James
2025-02-22 14:37:26,Office Floor 2,Margaret
2025-02-22 17:31:26,Office Floor 2,Sophie
2025-02-22 17:08:26,Office Floor 2,Sophie
2025-02-22 16:05:26,Office Floor 2,Helen
2025-02-22 15:49:26,Office Floor 2,Richard
2025-02-22 17:19:26,Office Floor 2,Elizabeth
2025-02-22 16:25:26,Office Floor 2,Maria
2025-02-22 14:29:26,Office Floor 2,Lisa
2025-02-22 17:43:26,Office Floor 2,Rachel
2025-02-22 17:27:26,Office Floor 2,Sophie
2025-02-22 16:27:26,Office Floor 2,Sophie
2025-02-22 17:26:26,Office Floor 2,Alexander
2025-02-22 15:54:26,Office Floor 2,Michelle
2025-02-22 17:46:26,Office Floor 2,Alexander
2025-02-22 17:59:26,Office Floor 2,Sarah
2025-02-22 16:15:26,Office Floor 2,Michelle
2025-02-22 14:15:26,Office Floor 2,Timothy
2025-02-22 17:01:26,Lunchroom,Michelle
2025-02-22 15:24:26,Lunchroom,Richard
2025-02-22 16:07:26,Lunchroom,George
2025-02-22 16:23:26,Lunchroom,Michael
2025-02-22 16:07:26,Lunchroom,Peter
2025-02-22 15:24:26,Lunchroom,Margaret
2025-02-22 14:25:26,Lunchroom,Kevin
2025-02-22 17:43:26,Lunchroom,Sophie
2025-02-22 16:37:26,Lunchroom,Elizabeth
2025-02-22 15:30:26,Lunchroom,Timothy
2025-02-22 16:31:26,Lunchroom,Helen
2025-02-22 17:16:26,Lunchroom,Olivia
2025-02-22 15:32:26,Lunchroom,Margaret
2025-02-22 15:19:26,Lunchroom,Lisa
2025-02-22 14:25:26,Lunchroom,Emma
2025-02-22 15:17:26,Lunchroom,Jennifer
2025-02-22 16:03:26,Lunchroom,Alexander
2025-02-22 15:20:26,Lunchroom,Andrew
2025-02-22 17:29:26,Lunchroom,Michelle
2025-02-22 18:06:26,Lunchroom,Helen
2025-02-22 17:37:26,Lunchroom,Richard
2025-02-22 16:10:26,Lunchroom,Jessica
2025-02-22 14:23:26,Lunchroom,Olivia
2025-02-22 16:39:26,Lunchroom,Marcus
2025-02-22 15:44:26,Lunchroom,Rachel
2025-02-22 14:39:26,Lunchroom,Joseph
2025-02-22 14:36:26,Lunchroom,Kenneth
2025-02-22 14:17:26,Lunchroom,Joseph
2025-02-22 17:50:26,Lunchroom,Laura
2025-02-22 15:25:26,Lunchroom,Olivia
2025-02-22 16:02:26,Lunchroom,Rachel
2025-02-22 16:15:26,Lunchroom,Sophie
2025-02-22 17:15:26,Lunchroom,Stephen
2025-02-22 15:33:26,Lunchroom,Andrew
2025-02-22 16:04:26,Lunchroom,Sandra
2025-02-22 15:08:26,Lunchroom,Christopher
2025-02-22 14:29:26,Lunchroom,Michael
2025-02-22 17:00:26,Lunchroom,Olivia
2025-02-22 16:54:26,Lunchroom,Kevin
2025-02-22 17:01:26,Lunchroom,Elizabeth
2025-02-22 15:06:26,Lunchroom,Kenneth
2025-02-22 15:05:26,Lunchroom,Katherine
2025-02-22 18:06:26,Lunchroom,Michael
2025-02-22 16:21:26,Lunchroom,Emma
2025-02-22 15:09:26,Lunchroom,Rachel
2025-02-22 17:43:26,Lunchroom,Peter
2025-02-22 14:55:26,Lunchroom,Stephen
2025-02-22 16:20:26,Lunchroom,Sarah
2025-02-22 15:29:26,Lunchroom,Kenneth
2025-02-22 18:03:26,Lunchroom,Patricia
2025-02-22 15:19:26,Lunchroom,Kevin
2025-02-22 17:25:26,Lunchroom,David
2025-02-22 17:07:26,Lunchroom,Jessica
2025-02-22 16:12:26,Lunchroom,Laura
2025-02-22 14:13:26,Lunchroom,Jennifer
2025-02-22 14:20:26,Lunchroom,Peter
2025-02-22 15:00:26,Lunchroom,Alexander
2025-02-22 15:56:26,Lunchroom,Maria
2025-02-22 16:20:26,Lunchroom,Amanda
2025-02-22 17:45:26,Lunchroom,Katherine
2025-02-22 15:54:26,Lunchroom,Elizabeth
2025-02-22 17:29:26,Lunchroom,Jessica
2025-02-22 18:06:26,Lunchroom,Michael
2025-02-22 16:23:26,Lunchroom,Thomas
2025-02-22 17:30:26,Lunchroom,Katherine
2025-02-22 15:46:26,Lunchroom,David
2025-02-22 16:29:26,Lunchroom,Timothy
2025-02-22 14:17:26,Lunchroom,Robert
2025-02-22 16:28:26,Lunchroom,Kevin
2025-02-22 15:13:26,Lunchroom,George
2025-02-22 14:35:26,Lunchroom,James
2025-02-22 16:40:26,Lunchroom,Margaret
2025-02-22 17:56:26,Lunchroom,Elizabeth
2025-02-22 15:26:26,Lunchroom,Jessica
2025-02-22 17:36:26,Lunchroom,James
2025-02-22 15:30:26,Lunchroom,Katherine
2025-02-22 15:01:26,Lunchroom,David
2025-02-22 15:12:26,Lunchroom,Rachel
2025-02-22 16:54:26,Lunchroom,Rachel
2025-02-22 15:46:26,Lunchroom,Marcus
2025-02-22 14:58:26,Lunchroom,Kevin
2025-02-22 18:00:26,Lunchroom,George
2025-02-22 17:06:26,Lunchroom,Laura
2025-02-22 16:26:26,Lunchroom,Laura
2025-02-22 14:43:26,Lunchroom,Christopher
2025-02-22 17:49:26,Lunchroom,William
2025-02-22 17:39:26,Lunchroom,Peter
2025-02-22 17:44:26,Lunchroom,Kevin
2025-02-22 16:04:26,Lunchroom,Sandra
2025-02-22 15:24:26,Lunchroom,Peter
2025-02-22 17:25:26,Lunchroom,Daniel
2025-02-22 14:38:26,Lunchroom,Alexander
2025-02-22 16:36:26,Lunchroom,Marcus
2025-02-22 14:20:26,Lunchroom,Lisa
2025-02-22 18:06:26,Lunchroom,Helen
2025-02-22 17:14:26,Lunchroom,Maria
2025-02-22 16:00:26,Meeting Room A,Daniel
2025-02-22 15:45:26,Meeting Room A,Margaret
2025-02-22 15:27:26,Meeting Room A,David
2025-02-22 16:45:26,Meeting Room A,Timothy
2025-02-22 14:44:26,Meeting Room A,Kevin
2025-02-22 15:44:26,Meeting Room A,George
2025-02-22 16:53:26,Meeting Room A,Daniel
2025-02-22 16:12:26,Meeting Room A,Peter
2025-02-22 14:23:26,Meeting Room A,Sandra
2025-02-22 15:54:26,Meeting Room A,Joseph
2025-02-22 17:20:26,Meeting Room A,Elizabeth
2025-02-22 18:03:26,Meeting Room A,William
2025-02-22 15:42:26,Meeting Room A,Katherine
2025-02-22 17:55:26,Meeting Room A,Michelle
2025-02-22 14:09:26,Meeting Room A,Olivia
2025-02-22 15:03:26,Meeting Room A,Katherine
2025-02-22 14:18:26,Meeting Room A,Amanda
2025-02-22 16:37:26,Meeting Room A,Peter
2025-02-22 16:46:26,Meeting Room A,Laura
2025-02-22 16:57:26,Meeting Room A,Linda
2025-02-22 17:54:26,Meeting Room A,Nancy
2025-02-22 17:50:26,Meeting Room A,Katherine
2025-02-22 18:00:26,Meeting Room A,George
2025-02-22 14:14:26,Meeting Room A,Olivia
2025-02-22 14:41:26,Meeting Room A,Kevin
2025-02-22 17:46:26,Meeting Room A,Olivia
2025-02-22 17:17:26,Meeting Room A,William
2025-02-22 16:18:26,Meeting Room A,Jessica
2025-02-22 16:38:26,Meeting Room A,Kevin
2025-02-22 17:04:26,Meeting Room A,Margaret
2025-02-22 15:15:26,Meeting Room A,Marcus
2025-02-22 17:45:26,Meeting Room A,Jennifer
2025-02-22 17:25:26,Meeting Room A,Robert
2025-02-22 16:27:26,Meeting Room A,Emma
2025-02-22 16:08:26,Meeting Room A,Rachel
2025-02-22 14:33:26,Meeting Room A,Emma
2025-02-22 14:25:26,Meeting Room A,Margaret
2025-02-22 18:02:26,Meeting Room A,Joseph
2025-02-22 14:26:26,Meeting Room A,Jennifer
2025-02-22 14:58:26,Meeting Room A,Laura
2025-02-22 16:33:26,Meeting Room A,George
2025-02-22 16:34:26,Meeting Room A,Kevin
2025-02-22 14:21:26,Meeting Room A,Jennifer
2025-02-22 15:26:26,Meeting Room A,Michael
2025-02-22 15:39:26,Meeting Room A,Amanda
2025-02-22 15:57:26,Meeting Room A,Olivia
2025-02-22 18:08:26,Meeting Room A,Stephen
2025-02-22 16:38:26,Meeting Room A,Robert
2025-02-22 16:19:26,Meeting Room A,Margaret
2025-02-22 16:56:26,Meeting Room A,Christopher
2025-02-22 16:21:26,Meeting Room A,Sandra
2025-02-22 15:09:26,Meeting Room A,Sandra
2025-02-22 17:10:26,Meeting Room A,Kenneth
2025-02-22 15:15:26,Meeting Room A,Sandra
2025-02-22 17:26:26,Meeting Room A,Elizabeth
2025-02-22 14:48:26,Meeting Room A,Joseph
2025-02-22 14:13:26,Meeting Room A,Olivia
2025-02-22 14:48:26,Meeting Room A,Margaret
2025-02-22 17:25:26,Meeting Room A,Patricia
2025-02-22 14:31:26,Meeting Room A,Andrew
2025-02-22 17:10:26,Meeting Room A,Linda
2025-02-22 15:39:26,Meeting Room A,Amanda
2025-02-22 15:06:26,Meeting Room A,Michael
2025-02-22 16:50:26,Meeting Room A,Stephen
2025-02-22 15:08:26,Meeting Room A,Patricia
2025-02-22 16:15:26,Meeting Room A,Olivia
2025-02-22 15:29:26,Meeting Room A,Andrew
2025-02-22 17:30:26,Meeting Room A,Jessica
2025-02-22 17:24:26,Meeting Room A,Kenneth
2025-02-22 15:45:26,Meeting Room A,Maria
2025-02-22 15:49:26,Meeting Room A,Peter
2025-02-22 14:17:26,Meeting Room A,Robert
2025-02-22 14:57:26,Meeting Room A,Katherine
2025-02-22 17:06:26,Meeting Room A,Sarah
2025-02-22 16:28:26,Meeting Room A,Stephen
2025-02-22 16:23:26,Meeting Room A,Sophie
2025-02-22 15:48:26,Meeting Room A,Michael
2025-02-22 14:18:26,Meeting Room A,Andrew
2025-02-22 16:47:26,Meeting Room A,Timothy
2025-02-22 17:08:26,Meeting Room A,Elizabeth
2025-02-22 14:23:26,Meeting Room A,Marcus
2025-02-22 17:16:26,Meeting Room A,Helen
2025-02-22 18:04:26,Meeting Room A,Olivia
2025-02-22 17:09:26,Meeting Room A,Olivia
2025-02-22 15:15:26,Meeting Room A,Sarah
2025-02-22 15:40:26,Meeting Room A,Sandra
2025-02-22 16:45:26,Meeting Room A,Maria
2025-02-22 14:27:26,Meeting Room A,James
2025-02-22 17:06:26,Meeting Room A,Elizabeth
2025-02-22 15:44:26,Meeting Room A,Emma
2025-02-22 16:25:26,Meeting Room A,Emma
2025-02-22 15:10:26,Meeting Room A,Daniel
2025-02-22 14:45:26,Meeting Room A,Rachel
2025-02-22 17:02:26,Meeting Room A,Amanda
2025-02-22 14:27:26,Meeting Room A,Andrew
2025-02-22 15:08:26,Meeting Room A,William
2025-02-22 17:04:26,Meeting Room A,Sophie
2025-02-22 15:52:26,Meeting Room A,Kevin
2025-02-22 17:46:26,Meeting Room A,Kees
2025-02-22 17:03:26,Meeting Room A,James
